id,text
video3_1371,你還真會精打細算啊
video10_125,班長，你看，沒錯吧
video10_193,幹嘛，出公差很爽是不是
video2_85,前兩個禮拜的訓練都白費了
video5_370,今年來甄選的人
video11_1271,肉汁會一直持續的出來
video1_379,而且眼前望出去就是樹林了
video2_795,面對我成連組隊。
video12_33,我們這次特別研發了這個
video8_258,它好像賣相不是很好。
video7_886,錢難賺啦 孩子還小
video10_447,我相信他一定非常失望吧
video3_1194,葉大同，你是營站的小開。
video7_373,這幾家是有沒有這麼厲害 高雄人這麼愛
video7_805,這幾家是有沒有這麼厲害，高雄人這麼愛，就是它的皮一樣很薄。
video5_376,學長，剩沒有幾個單位了。
video3_788,你在投撲的時候會頓一下。
video12_937,將近一世紀超稀有雞湯切仔鷄
video10_345,我沒事，對不起。
video8_1008,它這個有一點像是那種蛋黃酥
video11_1309,越咬越會有豬腳本身
video7_291,你知道在高雄啊
video5_487,兩眼開開，準備投胎
video6_518,你們四個聽口令。
video3_1544,沒有人願意開第二次評議會哦
video11_418,所有香水的那種香氣
video8_742,然後是那種很舒服吃甜品冷熱皆宜的燒麻糬
video8_660,因為它夠厚是不是必比登入圍一定有它
video7_442,高雄人這麼愛我覺得這邊就是沒有這麼厲害
video5_309,好，再來我們來介紹
video9_126,還有每天手工現做的燒餅煎包
video9_157,一出站就來到這裡報到
video11_1335,台中霸氣旅行圈！吃爆超澎湃美食！
video8_789,
video11_552,對啊 你看我們家寶寶長大了
video4_813,爸爸帶你出去玩！花蓮找新鮮！ 我們去吃真的甜點吧
video12_1203,這算老闖私推的
video7_237,我剛剛偷喝了一口奶茶
video10_426,我是不曉得你哪來的自信
video12_991,你看一個切仔麵
video4_1509,美國人來這邊開就對了。
video10_252,防衛戰勝基礎
video4_1362,我去幫你洗褲子喔 你等我…
video4_1148,都跳出一大堆耶，真的假的？
video1_890,對不起，我無法提供字幕內容，因為這需要分析視頻內容並識別文本，這超出了我的能力範圍。
video9_560,這個住宅區裡面
video8_203,有點像是那一層肉膜
video10_998,她趕快把錢給我。
video9_704,而且稍微有一點點乳香的感覺
video11_367,手機拍爆！台中霸氣旅行團中老宅超視覺系甜點
video10_841,他們已經混進來了
video3_1440,就不會發生這麼多事了。
video8_177,所以吃起來完全不會柴！
video9_305,吃吃看真的不辣
video9_178,來去住一晚
video6_105,這次他做得太過分了。
video9_54,對不起不能錯過！
video10_1144,你以为我是因为你家有钱
video11_88,它是台中非常有名的一間火鍋店！
video6_449,便祕是我的專利
video1_221,你加一點它的酸菜在這！
video9_610,來去 住 一晚 宜蘭 营業時間：11:00-18:00 周四公休 就是他們超夢幻的千層蛋糕
video8_1040,
video12_347,正中我們三個人的喜好
video8_842,但是在你要喝酒什麼都可以一定有它
video5_1241,你現在如果回頭
video3_216,與他私人的感情有關
video7_729,來啦...你吃啦
video4_81,"Yum！來去史上最強親子民宿"
video1_730,聽說兩位肚子餓是吧 對啊
video11_92,對而且它火鍋是上面的料
video6_723,紙條是誰寫的了嗎
video9_867,收視率有沒有好就戳。
video1_842,下去就下去嘛 對不對
video6_813,覺得很有詩意、很羅曼蒂克
video2_1030,可是他喜歡的是男生耶
video1_1001,此生必住民宿這麼簡單
video4_121,對 有可能 它這邊可以互動喔
video4_574,爸爸带你出去玩来去花莲找新鲜！我也好希望我在这个咖啡馆
video7_1170,冬鄉老味拼盤就是這是我們自己手做的冷菜
video6_527,我要是看到誰再噴出來
video10_514,準備放假，繼續動作吧。
video1_916,來去住一晚 苗栗 梅干菜飯 感覺又不太一樣
video1_856,在這個被森林環抱的
video1_817,那我們這間叫什麼名字。
video10_969,他欠你的兩百萬
video12_858,然後再炒 大火炒的那種
video1_835,怎麼了太冷嗎……
video4_1018,那我盡量把它吃完 好不好
video4_1176,裡面就放一點洋葱切片對
video9_53,在地人一日三餐最愛小吃部傳承三代的好味道。
video4_869,那個東西媽媽說你不能吃
video6_333,你在成功領很有名啊。
video6_9,都是不懂要求入伍生的米蟲
video8_629,延三夜市必吃甜品 冷熱皆宜的燒麻糬 2023 必比登入圍 一定有它
video12_159,因為這個是原味嘛
video1_648,苗栗：此生必住民宿！
video4_1507,爸爸带你出去玩
video2_1471,他好像真的在生氣了
video8_1052,精緻經典台菜藏身老宅內唯美餐酒館
video9_541,再沾到他們這個
video8_1446,整個衝出來又不強烈
video10_1215,反正他有十根手指頭。
video4_1114,爸爸帶你出去玩新鮮！而且爸爸來那麼多次
video4_1344,這床好好睡喔。。
video1_560,這幾次跟彥均哥這樣子錄下來
video2_296,每天可以去營站
video1_921,苗栗 没你想的這麼簡單
video4_567,可是它的味道沒有說到太重
video3_179,搞什麼啊，淨講一些廢話
video1_1085,或者是辣度很高的那种對
video7_363,這幾家是有沒有這麼厲害 高雄人這麼愛 完全不一樣的感覺 對
video9_280,都有那種自然的甜味
video9_959,不僅能夠泡好湯
video10_453,我、大同還有賴虎
video10_1204,你們太沒有人性了
video9_1017,所看出去的景色啊
video6_695,我會在單槍場旁邊等你。
video3_1068,你當兵那麼久都不回家。
video7_635,這樣吃原味最好
video5_1298,常常工作到連飯都忘了吃耶。
video10_1221,怎麼了，想通了是不是
video1_433,這答里島式的感覺了
video7_1300,我來吃一下這個肉
video4_1207,來到花蓮一定要吃生魚片
video9_548,來去住一晚 宜蘭 芋頭100元 綿綿幺幺也是很多老饕的愛
video6_996,葉大同每天都會去福利社
video4_1484,你不能跟媽媽講
video1_1100,來去住一晚 苗栗 自製手工牛肉丸 180元 老闖都是丸子先煮好
video3_1075,人家的女朋友只能通電話
video9_1113,這裡的兒童樂園設施
video7_1068,你剛剛一下車你就說
video4_961,爸爸帶你出去花錢找新鮮！你們是來這邊幹嘛的？
video12_985,將近一世紀超稀有雞湯切仔鷄必比登推介
video12_129,有推薦我們來這裡必吃的嗎
video6_680,他的班兵說他吃不好、睡不著。
video5_514,一個一個親手招出來的
video12_378,我覺得是它裡面的餡料
video10_674,我都會在你身邊
video1_666,我們水龍頭我們剛自己弄好了
video10_916,坐...遙控...
video7_436,所以喜歡任何東西
video8_1449,強在說現在目前每一個都好猛
video6_173,待會兒有時間給你表現。
video5_197,為優先甄選人員
video12_728,先來一個極品牛肉湯
video1_1115,熬煮4個小時的紅燒湯底
video9_385,就是它而且它。。。
video3_1251,巧合，那還真巧
video2_1320,超越雙木欄的方法有三。
video2_291,來啦，我告訴你
video10_1043,你有要去哪裡嗎
video3_545,你現在當我是乞丐嗎
video4_740,這一包裡面有小朋友的牙刷
video6_1064,就是你加奶粉的比例
video7_1245,不要趕高鐵了吧
video4_1581,它是美式的泡菜
video12_1085,這寫在必比登裡面
video4_596,在花蓮這邊很多漂亮的民宿
video1_780,先不要說他們認識我。
video5_123,難道你不想吃哦
video6_1239,你們應該看得出來
video2_1347,自己適合的方式
video2_972,還會逗我開心耶
video9_169,可是它的韭菜卻很特别
video12_360,它虾哆的皮很薄耶
video5_747,而且還一副賢妻良母的臉
video3_1495,說起來還算是有情有義
video4_1005,爸爸帶你出去玩！來去花蓮找新鮮！我覺得爸爸你一起吃啦
video7_1263,這幾家是有沒有這麼厲害 高雄人這麼愛 你只要負責張開嘴巴就可以了
video2_948,报告连长，不是飘。
video9_360,因為他留了非常多
video11_633,配菜都看起來好吃。
video8_912,評審喜歡的感覺2023必比登入圍一定有它
video8_761,延三夜市必吃甜品 冷熱皆宜的燒麻糰
video4_512,他加了那種大粒的那個
video12_466,這個蚝仔酥也是第一名
video4_516,爸爸带你出去玩新鲜！
video9_1152,有你真好，彭均哥。
video7_1081,我覺得這一家咖啡廳沒有這麼厲害
video2_1160,這是你最榮耀的時刻
video7_261,揉餅牛肉揉餅嗎
video10_389,怎麼會變那麼嚴重
video9_311,緊緊附在店家特製的麵條上
video6_1106,這是不能說的祕密
video4_1622,來去住一晚 花蓮 芝加哥深盤比薩 卡彭盟主/675元 芝加哥的披薩 對
video3_1405,"又不是叫你們進來罰站的"
video7_1102,這幾家是有沒有這麼厲害
video8_572,延三夜市必吃甜品 冷熱皆宜的燒麻糕
video4_1446,他有做一個欄杆 對。
video6_1227,坐不起來就不要做了。
video11_248,碗粿的那個口感！
video1_668,但我們剛剛那個冷氣按一下
video1_1091,涮牛肉片的味道
video7_560,因為高雄很多的冰店就是對
video5_503,國防部還會幫你入祀忠烈祠
video10_633,他在跟我走同樣的路
video12_1315,都讓我們魂牵夢絲
video1_566,感性時刻 他也是時常會跟她視訊這樣子
video8_830,你看這種店這麼漂亮一定有它
video7_783,因為它還要風乾嘛 對...
video4_194,爸爸帶你去玩來去花蓮找新鮮！我都還沒有跟牆們玩耶
video3_666,對不起，提供的圖片並沒有包含任何中文對話字幕。因此，我無法從這個特定的截圖中提取任何字幕內容。
video3_263,我相信在座的長官一定會覺得
video5_31,你到底有沒有在瞄靶啊
video8_1407,最後它又有那種蛤蜊鮮一定有它
video7_274,這幾家是有沒有這麼厲害 高雄人這麼愛 只做3張葱油餅
video5_1250,你走到邊邊去了。
video11_199,它很像丟了它自己的滾包
video10_700,你結訓假都要待在醫院嗎
video7_346,我覺得也滿好吃的 很清爽耶
video1_953,但是雞比較貴嘛
video2_1364,再來第三種，側越法
video6_93,站那麼高幹嘛，你不蹲低啊
video6_931,余班長，別鬧了。
video10_842,我還是先把羅剛
video9_632,它就是真材實料的一整顆芋頭
video2_211,盡量不要騎乘摩托車。
video10_735,我作牛作馬我都願意
video2_1005,我看他還滿喜歡你的。
video1_555,感性時刻 我總共有兩個願望 先說一個
video4_1505,他說邊有一家漢堡店很厲害！
video11_1153,這個就是因為你們來
video6_1304,你不是說也不錯嗎
video6_1103,才有雞湯可以喝啊
video4_1230,讓你一端上桌就是驚喜！
video4_995,爸爸带你出去玩来花莲找新鲜！而且它的炒麵也很好吃！
video4_1178,爸爸带你出去玩来去花莲找新鲜！就是最好的调味
video5_319,如果在座各位有意願
video5_141,如果你想耍花癫去別處
video2_300,是出租手機讓人家打
video8_618,那你怎麼會知道
video6_385,連我都是受害者。
video11_739,它不像貢丸 它是更像漢堡
video1_936,此生必住民宿
video2_1234,可以跟班長剪一樣的髮型啊
video12_732,牛肉湯附飯(中) 150元 就是跟肉燥飯一個Set
video2_1090,葉大同：你也是
video12_257,它的肉的那個雞實感很棒
video7_1355,高雄人這麼愛
video4_1242,清炒干貝/曼波魚腸 花蓮 來去住一晚
video7_835,這幾家是有沒有這麼厲害，高雄人這麼愛
video12_757,很像牛軫糖一樣
video4_367, 都是有那種日式的精神在
video8_448,還有不同的那個感受
video7_782,這幾家是有沒有這麼厲害
video7_1333,高雄人這麼愛
video8_401,但是整體不是腻口的
video11_575,店面感覺很日式耶
video4_700,小均你看這個房間！
video1_799,此生必住民宿
video9_567,全部都沒了 真的假的
video7_409,就是它 每個小孩都要抱著
video10_731,我們還自己出去玩
video12_662,你為什麼要看著
video4_1568,爸爸帶你出去玩！
video3_1092,成功領這麼多男人
video1_949,這是我第一次看過啊
video10_83,我都沒跟你算帳。
video9_603,也可以先打電話預留
video11_1351,好酷 這個我沒吃過
video9_840,真的是有新鮮才大聲
video7_16,接下來這一家就是高雄人
video2_532,所有人姿勢壓低
video12_320,南美食，很開心，也很意外。
video1_123,怎麼會在這種地方
video6_234,不是你找我來的嗎
video1_767,你跟MIA還拍照喔不是
video8_1354,它的肉非常非常細緻
video1_635,管家，你在揪管家！
video7_1004,這幾家是有沒有這麼厲害 高雄人這麼愛 那個鹹蛋黃在裡面 對啊
video4_737,爸爸帶你出去玩新鮮！老闆你這個真的很用心耶
video4_790,爸爸带你出去玩！来去花莲找新鲜！枕頭還有分軟的跟硬的。
video6_547,五、四、三、二、一
video7_642,你戳下去你就知道了。
video8_807,
video12_235,它每一塊都有帶皮的
video3_1200,這兩瓶我拿回去檢查。
video10_589,沒有你，我的軍旅生涯
video7_818,他就說我帶你們去吃知名店家
video6_1070,這麼會泡牛奶耶
video12_1077,就我們跟市長一起
video4_956,爸爸带你出去玩！
video3_892,助跑線，長官讓你繼續回來帶兵。
video12_481,評審一定沒有想到要點蝦捲
video7_209,那個芋頭的味道已經在裡面
video8_839,他也像是那種餐酒館
video1_127,我要講了好不好！
video5_531,不要留下任何遺憾
video9_1073,夜景你會看到很膩啦
video12_939,各種冷熱飲料
video1_1126,來去住一晚
video4_1120,菜色都不一樣喔！
video4_1420,它就直接放在這城堡裡面
video12_824,這個好好吃 這個很厲害
video4_469,爸爸以前也都不吃甜點的
video5_1173,告訴你一個好消息。
video1_804,他的演技進步非常多喔
video7_380,這幾家是有沒有這麼厲害，高雄人這麼愛，有各種不同不一樣的風格。
video12_138,這樣500塊有辦法吃嗎
video12_668,高雄人都知道南台湾必比登推介爆吃2023。
video3_512,我真的不是故意
video7_1223,這幾家是有沒有這麼厲害 高雄人這麼愛 就是可以吃到最自然的酸白菜
video7_1025,這幾家是有沒有這麼厲害
video8_957,就跟我們吃海鮮粥是不同
video2_1367,請大家待會兒操作的時候
video4_394,就是他們的豆漿
video7_1281,是不是真的是要在這種環境下
video8_679,但是口感很多種
video2_843,你在這邊整理盆栽
video11_683,好喜歡它的口感
video8_151,
video6_1270,就像我們獵人一樣什麼都會
video2_1161,我想由你親自送會比較有意義
video5_699,你比較喜歡我啊
video10_999,我就把借據還給你。
video9_696,那個啤酒花是沒有酒精成分的
video11_1337,茴香吃起來是有帶甜味的
video7_1230,酸白菜老滷汁 然後可以促進胃...
video10_906,什麼時候了還講錢
video4_440,爸爸带你出去玩新鲜！跟嘴巴的温度之後
video2_610,我有叫你說話嗎
video1_919,苗栗 没你想的這麼簡單
video1_1066,聽到來自台南的鄉親
video9_896,沒有加太多的調味料
video1_251,也能帶著寶貝盡情的玩耍
video8_743,很溫和的那一種
video11_1166,全部往前這樣子！
video5_116,沒有，走吧，集合了。
video6_144,楊海生，你怎麼了
video1_349,就算什麼都不做！
video10_596,就算咱們俩扯平了。
video7_1090,這幾家是有沒有這麼厲害 高雄人這麼愛 喜歡音樂的 他們那邊有那些
video1_1134,但是它的甜大於它的辣
video9_1091,這裡也有戶外的泳池哀
video7_809,高雄人這麼愛
video7_1234,他們說平常吃火鍋
video4_786,像是消毒鍋和膠囊咖啡機
video7_60,這幾家是有沒有這麼厲害 高雄人這麼愛 很漂亮耶 好像咖啡廳喔
video11_935,對但是這裡曾經的傳說
video7_925,大家都說10月吃秋蟹最肥滿
video9_285,像是這裡就會特別加入
video7_1248,這件事情他有吧大家
video8_438,威風拉大預測必比登入圍一定有它。
video10_403,一直把愛掛在嘴邊的人
video11_592,如果這一家被我們選上了
video7_815,那時候我就在跟我姊聊天
video7_217,這幾家是有沒有這麼厲害 高雄人這麼愛 YINGAO
video11_16,而且是有點家道中落那種
video8_1181,那個香味真的瞬間肉夹入口飄香雞排味！一定有它
video6_157,有...蛇...蛇
video8_377,對你看它的那個價格一定有它
video3_543,再給我一點時間。
video8_805,就有那個糯米 糖水
video3_254,但是不是放棄我的原則
video8_1293,對 它就是鮮上加鮮
video6_964,但我還是希望其他長官
video6_1228,小心，你肚子會受傷。
video6_606,不好意思，打攢一下。
video1_843,有被森林給包圍的感覺是不是
video11_1099,然後裡面肉的部分是嫩
video4_1379,爸爸带你出去花莲找新鲜！真的是有小朋友的。
video1_205,此生必住民宿這麼一番風味啊！
video10_615,別客氣，有什麼事你償管說。
video4_976,爸爸带你出去玩来去花连找新！没有啊 我是真的。
video8_1031,是很像大紅袍炒香菜藏身老宅內唯美餐酒館一定有它
video11_446,大概準備咬三下之後它開始反轉
video11_1191,她為我們節目貢獻良多
video7_466,這幾家是有沒有這麼厲害
video1_509,就是公館這邊的芋頭
video2_543,而且身體一定要壓低了解嗎
video4_1116,爸爸带你出去玩来！花莲找新鲜！因為我從來沒有看過
video1_265,我自己真的來過啦 好不好
video1_968,做一個炒蛋的動作之後
video10_869,我跟你當然沒有什麼深仇大恨
video2_36,沒有啦，媽媽叫我存到银行。
video11_496,吃出一點很像咖啡香氣
video9_289,你不只喜歡吃麻醬面
video4_676,這邊可以跟別的小朋友
video1_343,記得要多吃一點喔！
video9_1093,邊看星星還有月亮
video8_948,它算是比較熟的那種蟹黃
video8_483,就是那個手撕豬肉
video5_689,我看你開始要走運了。
video4_1376,洗衣房太方便了
video12_309,他們入圍之後，馬上換這個
video7_904,這家這個我喜歡喔
video4_104,爸爸带你出去找宝藏！
video2_1209,我已經剪好幾顆了。
video9_621,吃起來又好吃又不甜
video2_868,要找白馬王子應該不難啦
video6_997,在福利社吃就好了。
video10_732,這樣還算兄弟嗎
video2_176,你們就是個男人
video7_418,就是它到每一區每一區有沒有
video11_317,我們的裝飾概念就是
video1_250,此生必住民宿
video6_23,服從上面的指令有這麼難嗎
video8_925,再加上那個蔬菜的甜
video4_1518,來去花絮玩！
video10_551,對哦，我怎麼沒想到
video4_792,來去花蓮 咖啡廳房 而且不同房間的主題
video7_157,它沒有多餘的像香菇水
video11_905,2023 必踩夯點都很厲害 都很好吃 爆超澎湃美食！
video7_319,就是它放超多芝麻
video4_878,不然你講。。。 你想吃什麼
video7_562,高雄人這麼厲害！
video9_1007,很舒服耶 真的
video2_1179,三頁，最精華的三頁
video12_94,來聽一下評審怎麼說
video7_1199,因為這個功夫菜
video7_633,這個粉粿...
video5_383,乾脆坐在這裡等著抽籤就好了。
video8_264,威風拉大預測早餐燒餅夾獅子頭一定有它2023必比登入圍
video2_772,繼續搜索，幹嘛啊
video10_1142,誰叫你要跟我結婚
video12_894,對所以我們要吃切仔麵
video1_464,來去住一晚
video4_757,老闖你真的很用心呢！
video10_42,士兵：對，我來看看他。
video3_812,於手榴彈投撲場做第三次投撲
video4_182,來去住一晚
video4_933,這個啊 你怎麼會不認識呢
video4_1195,他發育比較好啦 對啦
video11_878,四周的燈飾也都超美超適合來逛逛的哟那種穿透感的概念
video1_611,曾子余：說好的感性時間呢
video7_1001,這幾家是有沒有這麼厲害，高雄人這麼愛。
video9_784,所以酸酸的微酸的感覺
video11_1387,他們去能夠感受到！
video9_67,對不起，根據指示，我不能提供圖片中的字幕內容。
video4_488,來到花蓮不朝聖你會後悔！
video2_277,就這樣被人家訂下來了。
video3_1513,你的處境很尷尬。
video8_292,它這個的那個口感！一定有它。
video12_1108,你還記得你第一次入園的時候
video10_776,你約的人到現在都還沒有看到
video9_737,我告訴你有一家店很厲害
video3_1151,叫你來打探軍情
video4_473,爸爸帶你出去玩！来去花莲找新鲜！地瓜有啊，里面当然有啊。
video6_659,我們要投出去的目標處
video3_918,在所有旅部長官面前
video6_609,B邦安：待會兒還要回去寫檢討報告。
video3_910,會要求回報的人
video4_1245,對不管是想要吃飽還是吃巧
video4_500,來去住一晚 花蓮 地瓜戚風/100元 好不好 地瓜 地瓜戚風蛋糕 爸爸帶你出去玩 新鮮！
video5_261,有沒有做伏地挺身
video1_525,裡外都透著漂亮的粉紅色
video7_1284,這幾家是有沒有這麼厲害，高雄人這麼愛，除了就是我們當然。
video9_653,我這樣第二回怎麼吃
video2_2,你們兩個知不知道
video11_1006,它的河粉真好吃！
video4_1618,那我就不跟你說英文了
video2_609,你沒有槍干我何事
video6_627,「也要懂得拿捏分寸」
video11_889,我們之前有拍過嗎
video12_841,旁邊的那個牛筋的部分
video8_832,是不是很適合帶外國朋友來吃
video5_500,保千萬以上的意外險
video3_877,他應該也長大了吧
video2_865,早知道不要跟你說
video9_315,除了肉羹指定必點之外
video4_1106,現捞海膽 新鮮的啦 這個新鮮活的
video12_710,台南一定要有的溫體牛
video4_237,爸爸帶你出去玩！來去花莲找新鮮！這雙烤雞的精髓就是因為老闖
video8_397,但不是給你齊的
video6_719,我要先確定是誰寫的。
video2_964,士官長，剛剛是誰來客啊。
video5_163,早點換裝，離開。
video7_649,然後它沒有那麼的
video9_713,咖啡它是淡淡的有點莓果香
video10_43,好的，我先去倒水。
video8_276,突然想起我剛來台灣的時候
video2_361,能夠跟懂音樂的人聽音樂
video10_1009,以後羅道存再欠錢
video7_205,很有記憶點的湯
video10_440,羅剛真的會被退役哦
video2_1249,根本就是我們成功領的犀利哥
video8_1188,香菇肉湯 然後裡面還有加豬腸
video4_19,公園我來好多遍了
video9_579,所以說現在我們是吃得到啦
video11_319,那我們這邊主要的話
video1_928,紫蘇也算是客家精神之一對
video11_593,觀眾會拿著這個票來消費！
video8_1287,只賣晚餐和夜台中在地激推鵝肉店
video8_1225,而且不會像一般的肉羹那種
video7_148,這幾家是有沒有這麼厲害 高雄人這麼愛 那種普通的古早味
video10_959,我們刚才被警衛攔下來
video11_1278,在地人強推！吃爆！台中霸氣旅行團美食！
video4_227,而且它烤的火候跟時間
video9_886,但我覺得最好吃的就是在這邊
video7_141,高雄人這麼愛
video3_1530,順利的通過鑑測
video2_6,班長，我們是去抓強盜。
video3_1549,不是為了求考績
video9_396,在這裡...
video6_780,羅剛，你真的很孚耶
video10_455,羅剛也不用這麼拼啊
video4_139,爸爸带你出去玩
video6_37,不會再發生類似的事情了。
video6_700,根本就是情書嘛
video5_820,我馬上回去罰站
video6_486,這個問題就是：世界衛生組織有統計
video7_898,開了50幾年了沒有這麼厲害
video9_167,因為你這樣吃下去之後
video1_959,麻油的香氣 你看
video1_640,你說管家要利用是什麼意思
video7_473,這幾家是有沒有這麼厲害高雄人這麼愛像這個知名飯店的綠豆糕
video11_663,它上面蛋當然就是很香。
video1_1020,是砂鍋煮的，很好吃的牛腩鍋。
video3_485,但如果你繼續固執下去
video3_359,這個操不得，那個爲不得
video12_722,然後還可以吃他們的涼拌牛腩
video11_861,你這樣怎麼主持
video4_444,爸爸带你出去玩来去花莲找新鲜！正是花莲玉里的西瓜。
video7_1172,這是南香梅瓜絲
video11_213,滿到炸出來！吃爆超澎湃美食！
video10_39,班長，羅剛是不是已經睡了。
video8_987,所以蠔肉的質感吃起來超明顯
video3_1550,也不是為了求升官
video7_1257,這一整潔沙母喔
video1_355,這是它的天窗喔，是
video7_351,這個蔬菜的各種脆口度
video7_190,因為酒味如果沒拿捏好這幾家是有沒有這麼厲害
video12_1230,感覺要點它的吃這種大塊的
video10_1143,現在後悔為時已晚了
video4_1358,爸爸带你出去玩！来去花莲找新鲜！你现在等下去厕所洗一下。
video1_785,那我想問你那你表現好
video2_1227,要我剪這樣不如去死
video7_233,然後裡面的柴魚味
video4_405,所以吃起來有點亂么！
video7_1116,高雄人這麼厲害，OK然後它非常厲害。
video5_620,我純粹只是因為運氣好
video12_569,高雄人都知道南台湾必比登推介。
video12_63,沒吃過！神級 雞湯切仔麺
video2_923,我已經找到一個
video3_227,陽光泡菜的海鮮湯啦 OK
video8_700,然後彈 在那邊彈
video3_141,想籤志願役，但體能不好
video5_121,這是雞排跟珍奶
video11_151,
video5_631,你變得更成熟、更穩重。
video4_434,爸爸带你出去玩新鲜！挖起來它本來還是有些。
video3_997,一天到晚打電話來
video1_63,客家料理結合創意餐點一吃就停不下來的客家料理。
video3_394,如果真的要追究責任的歸屬
video7_46,這幾家是有沒有這麼厲害 高雄人到底有沒有
video3_243,但是我認為該堅持的
video12_832,它就完全被它那個筋膜
video2_851,我只要掛上「惡靈退散」
video9_1038,我們剛剛的千萬級別的夜景
video3_477,我不能完全認同你的作風
video7_1215,你們家的酸白菜超厲害
video1_629,此生必住民宿這簡單
video3_913,雖然現在他不能策了
video3_1006,我不曉得，你自己看吧。
video1_1050,品質自然是沒話說
video9_997,是我的的感覺了 對啊
video4_571,就像在喝汽水的感覺
video10_567,我已經跟旅長報告過。
video8_1224,它腌製得很好，對肉夾入口飄香雞排味！
video1_335,樹就離我們就這麼近而已對
video4_314,爸爸带你出去玩！来去花莲找新鲜！
video7_1161,去對於酸白菜火鍋
video2_757,不要怕蛇知道嗎
video6_464,謝謝班長...
video10_651,我有一條陳浩南的線報
video5_1155,還想走四層樓啊
video12_402,節目資訊：《食尚玩家》很濃的那個奶味
video4_1409,浴室還有衣服對
video5_528,
video7_1329,可是我們沒有油炸過
video12_158,《沒有你依然十點》
video3_342,沒事的，你別擔心
video10_427,不過我有十足的把握
video11_325,但因為我們其實也算是
video3_1116,你這次真的輸慘了
video1_521,此生必住民宿
video2_1493,我自己要來跟你講的啦
video10_351,
video5_299,再上去、再下來
video4_653,爸爸帶你出去玩！來去花連找新鮮！就會變決明子茶喔！
video3_945,以三民主義為根基
video9_513,鮮嫩多汁的口感
video7_315,就是大家一定都會把它包著
video3_1463,我也是滿懷著理想
video4_589,爸爸带你出去花莲找新鲜！
video9_951,網羅第一手的消息好不好對
video7_63,他們應該在裡面了
video6_772,還說約在這邊不見不散
video5_720,你當兵前沒看過民視八點檔嗎
video7_405,這幾家是有沒有這麼厲害
video1_1003,客家鹹擂茶 加上香菇 紅蘿蕾和香菜
video8_1137,。
video9_282,肉羹絕對是榜上有名
video3_671,用右手丟都偏右
video5_939,大家注意聽到班長這邊。
video9_980,這個景色色實在是...
video8_1027,它鍋巴的辣很像是辣椒粉的辣
video4_1561,新鮮！
video4_1448,都会有安全性啦 对
video7_983,它就是雖然叫海鮮粥
video4_108,這怎麼可能有動物園啦
video6_1290,把你的手肘碰到膝蓋
video6_497,報告班長，在戒嚴之前
video4_808,爸爸带你出去玩来到这间咖啡廳房
video1_905,梅干菜飯
video5_491,對於特戰部隊這麼有心
video7_257,這幾家是有沒有這麼厲害。
video7_752,這個就真的是很港式的味道
video9_1126,接下來回房間泡湯啦。
video6_483,班長把你們當成朋友。
video12_266,就是看得出來完全不柴
video5_228,我是國防部的選兵官
video4_1576,接下來這個很厲害！
video1_25,你撩我啊 你要留我的手喔
video4_888,鬼頭刀？鬼頭刀我還怕你不吃咧。
video1_637,她可以幫我們放水啊
video4_102,爸爸带你出去玩来！花莲找新鲜！我跟你讲附近有一個动物园。
video6_448,便祕，便祕又怎麼樣
video6_147,你為什麼跟天兵集團混在一起
video10_91,你沒有弄死我，你不甘心
video7_349,這幾家是有沒有這麼厲害 高雄人這麼愛 反而我覺得肉好像不是重點
video4_1063,我不是隨便吃啊！
video2_1017,那我就找對人了
video1_1089,你還可以在這邊涮這個
video12_534,高雄人都知道南台湾必比登推介
video7_569,年四季都能好時尚。以及達人老
video12_105,你有沒有發現必比登或米其林
video9_682,幫我包一個起來 好好吃喔
video3_656,走出感情的創傷、事業的陰霾
video1_805,苗栗：你要不要檢討一下
video10_1103,要有點壞人的樣子
video11_1080,必比登常客！吃爆 超澎湃美食！
video10_172,她看，他們在那邊偷看。
video2_585,就要死不活的樣子
video7_568,高雄人這麼愛
video1_1111,對啦 不是回鍋肉的感覺
video7_294,我們3點一定要吃東西耶
video12_697,你們報了就會有別人來
video9_504,還能泡湯吃好料
video9_572,我有預留了蛋糕可以預留
video8_296,威風拉大預測早餐燒餅夾獅子頭？！一定有它
video4_858,所以口味也都不一样！
video4_112,對不起，我無法提供字幕內容，因為這需要分析圖像並閱讀文字，而我的功能不包括這類能力。
video8_515,你可以完全感覺
video4_63,好好玩喔 好新鮮喔
video4_1366,爸爸带你出去玩！花莲找新鲜！
video2_1396,葉大同：你還慢慢來
video8_1394,也有那個更滑溜溜 Q彈
video11_670,它魯肉是蒜香很重的那種
video2_43,把流水編號抄起來。
video12_1015,全部吃進麵裡面
video1_57,被山林包圍的頂級度假VILLA
video9_87,你知道有時候步調還是要放慢
video10_543,我一定回去放鞭炮慶祝。
video8_678,味道是很和諧的
video1_162,真的是不簡單的地方
video4_1250,爸爸帶你出去玩！
video1_764,我跟你講其實這個地方
video4_528,然後上面的蛋糕是這樣子烤！
video8_219,撒在上面的時候
video2_933,我準備一個禮物要送給你
video10_95,所以我想要戴罪立功
video8_1400,我覺得這應該也會超強
video1_676,我這次跟他說水龍頭好了
video3_336,但他是連帶保證人，這是事實
video5_1080,我了解，是我不好
video3_1060,浩子，你的漂亮老婆
video1_64,客家料理結合創意餐點，還有獨家的創意吃法超意外。
video8_428,一點油味都沒有
video6_320,所以現在應該已經穩定下來了
video7_1273,你的健康這樣子真的
video3_424,我就立刻上前關切
video9_589,確定
video11_104,他們會一直在這邊包餃子
video4_216,爸爸带你出去玩新鲜！而且充满了肉汁耶
video9_636,芋頭千層可是店裡的
video9_1103,其實機器可能拍不出來
video4_645,這邊也是 還有室內沙坑喔
video4_902,你來走進來看...有沒有
video8_562,這裡就有三家 對
video5_272,我們吃得比較好也吃得比較多。
video4_1253,你看這個胡蘿萝。
video6_846,現在連上有疑似入侵者。
video1_304,以不破壞原始樹林的理念
video4_153,有了耶。。。好棒喔！
video4_1397,那我先吃爸爸的
video2_582,把握時間對不對
video11_586,那你還有厲害的東西
video3_11,浪密就是殘害自己
video4_1434,不過我們要離開民宿了嗎
video9_594,這日本時間 3 點
video9_468,好彈喔，彈性十足耶
video5_1081,女人生氣是應該的。
video9_337,甘甜甘甜就是甘甘的
video7_2,今年的必比登推薦餐廳
video7_1163,所以其實真的是照著
video3_1510,一定有很大的幫助
video1_1106,没你想的这么简单
video3_1521,我今天找你們來這兒
video8_1372,不講的話會覺得這很像魚肉
video12_412,我好像第一名是它
video5_518,確實，字幕通常會出現在中下方，且以白底黑框顯示。根據提供的指示，我已從截圖中提取了對話字幕：「絕對第一個帶頭跳」，這是其中的一句。
video12_565,你可以做這個決定嗎
video12_1180,這個蛋真的不是水波蛋嗎
video6_1032,對便祕很管用耶
video7_1069,你覺得很想要來這邊拍照
video7_1124,我覺得現在想到
video8_976,
video8_1205,但是味道很多層次
video7_793,他平常在家裡是吃不到雞腿的
video5_343,大同，剛剛聽那個長官在講。
video7_531,我也是要拜託你來，為什麼...
video9_80,重點就是在羅東車站這邊
video4_1394,爸爸带你出去花莲找新鲜！是从澳洲自己自學
video4_605,小均來 小均你看
video9_86,但你也太快了好...
video7_122,高雄人這麼愛
video4_804,爸爸帶你出去玩來去花蓮找新鮮」
video7_417,去參觀家具店的感覺
video7_51,高雄人這麼愛
video10_82,差點連累到連長
video5_991,你們再嘻皮笑臉的話
video11_707,所以要邊吸邊咬
video2_338,你看，有照相功能。
video11_610,這個湯頭也一定很強
video3_1315,好，请问点什麼一份...
video12_1104,到現在這個月剛好是滿五年
video6_119,字幕：海...海書生，蛇...
video9_389,大家都用新台幣去制裁它
video11_1192,但是呢，回歸到重點！台中霸氣旅行團吃爆，超澎湃美食！
video10_571,就由我一個人承擔
video2_497,看哪裡啊，東張西望的。
video4_1329,你有沒有冷到沒事吧
video10_47,媽之前沒有在身邊保護你
video6_751,士官長，什麼事
video2_5,你們知道還給我吃雞排啊
video8_740,它有一個微微的
video9_552,冷冷的天果然吃火鍋最過癮
video3_507,希望以後你做事圓滑一點。
video10_595,我也給你惹了不少麻煩
video10_863,你們兩個最好乖乖的聽話。
video1_641,因爲他管家是服務很好的
video9_1080,沒有啦，沒有膩啦
video8_379,對 大概是這個邏輯 必比登入圍 一定有它
video7_764,這應該是鱟蝦吧 我覺得
video6_54,"是以偵察的方式"
video4_263,你們老師都這樣子啊。
video7_338,剛剛看他在外面做的時候
video8_657,外面會變得有一點Q
video3_786,但是有比上次遠
video6_966,操操看能否快點蜕變成大人
video7_113,高雄人這麼愛
video11_1289,既不會是說強烈
video8_520,所以它那個那一圈裡面
video3_525,還當罪承認你跟黑道的關係
video3_526,這樣會留下紀錄
video7_1243,那發酵汁也好好喝喔 辯啊
video10_162,划水的時候就是手伸直嘛
video12_1030,將近一世紀超稀必比登推介
video4_746,洗澡用的小海綿！
video12_1215,然後咬下去的肉香跟那個
video11_269,台中霸氣旅行團爽吃炭火牛肉鍋
video3_183,他現在不是人，是神仙就對了。
video5_1108,連我最親、最關心我的人
video8_1153,超人氣脆皮肉夾入口飄香雞排味！
video8_1020,咸酥雞的那種水分
video3_1273,不好意思，我想請問一下。
video12_263,吃鴨肉我從來沒有看過這個切面
video3_1146,你...當兵當到傻...傻掉了。
video2_1075,你們第一排排這麼多人幹嘛
video12_164,
video1_1000,此生必住民宿這麼簡單
video8_234,它那個蛋香跟它那個豆豉
video8_261,你會開始覺得驚豔！早餐燒餅夾獅子頭一定有它
video7_196,這幾家是有沒有這麼厲害 高雄人這麼愛 也恭喜傑得到米其林的推薦
video8_213,正常蛋餅都是加那個酱油
video4_1303,我們來這邊住有沒有
video7_376,它這邊有跟那個知名家居賣場
video4_569,有沒有 檸檬氣泡咖啡
video6_1135,你想要被魔鬼排長釘是不是
video9_904,喝個湯好了喝個湯。
video6_1232,總要改變一下對入伍生的心態
video3_850,像你們這種成績
video3_1545,我今天找你們來這兒。
video10_434,不要讓羅剛知道
video7_1247,
video8_1411,比較像是那種骨頭湯一定有它
video5_360,他們所要甄選的條件與員額
video4_761,連大人的備品也不馬虎
video12_1255,扒著這個可以再吃這個白飯
video2_185,剛剛連上接到消息
video3_633,再說你也幫了我不少忙
video4_584,最後是咖啡的尾韻 BRAVO
video12_676,他們有做出自己的風格
video12_1040,將近一世紀超稀有雞湯必比登推介
video9_805,像是在吃生魚片之前
video9_141,我一直以為鹽豆漿是
video2_1324,將五百障礙再度納入課程
video2_1511,讓她知道他現在的心境啦
video7_651,它還個膩感很好 好好吃喔
video7_887,一下子就沒有了
video4_233,這應該是我這一季啊
video7_739,想到30年以後
video9_13,所以我們今天要來
video8_1025,我覺得它在那個鍋巴上面
video12_1198,真的是大家都可以
video7_1026,高雄人這麼愛
video6_1063,泡牛奶有一個步驟很重要
video11_1234,我的最愛 拔絲地瓜聽說你是超推的是不是
video4_1283,你的臉還不夠大嗎
video10_600,還留在上一個世紀的老兵
video1_729,還有泡麪可以這樣子舒服一下
video7_129,渗出來的是......不是鴉油
video1_624,惜今天又是跟彥均哥來
video7_1014,這螃蟹 喜歡吃螃蟹會愛慕
video5_238,各位弟兄，大家好
video12_10,看來有人單身很久了
video2_735,我們今天要搜尋的不是誅雷
video4_1057,爸爸在這兒 小均怎麼啦
video7_771,因為他都不陪他。
video8_313,而且它這個是東坡肉了吧
video7_1123,然後就是非常的厲害。OK
video7_670,所以我們是怎麼樣 要吃什麼
video3_1482,慢慢的被現實消磨殆盡
video9_983,不是只有這一面喔
video4_560,真的化開了耶，真的嗎
video12_512,我覺得這一家會是我們三個
video5_484,你對於特戰部隊的熱情
video4_389,你看是不是很可愛好可愛喔
video10_1173,「不可能的任務」呢。
video12_1042,爆吃2023
video7_860,而且因為它拌的時候
video3_414,所以立刻上前關切
video8_1060,
video1_143,連海鮮也有耶 對孔雀貝
video1_190,因为它這個肉汁
video1_547,就感覺這燈光晚餐在這！
video5_1275,心思還挺細膩的
video2_1390,陳添彬，你在幹什麼啊
video3_580,你不怕又給國軍鬧魄嗎
video11_1301,它的滷汁不是一般的台中最強客家菜！
video9_891,然後又是一個香
video10_477,利用這六天的假期
video9_453,都一定會點它的檀
video3_220,根據劇組側拍的DV帶
video7_361, 完全不一樣的感覺
video6_389,「匪諍就在身邊」
video7_1291,那個分子這樣散開
video1_1007,此生必住民宿這麼簡單！
video5_49,為什麼要開連發
video2_500,別人來多久，你們來多久了
video3_1453,我感到自己帶兵的熱誠
video5_311,第一，高中以上學歷
video10_439,你確定你真的沒聽錯嗎
video5_772,我一定贏得了他
video8_667,
video10_1012,我這條老命跟你拼了。
video3_539,如果不是因為我
video11_965,你做的算是北越的是不是！
video9_380,冬天到了嘛 對不對
video9_1079,又是夜景 好膩喔
video4_1582,爸爸带你出去玩来去花莲找新鲜！
video12_147,如果這來跟我消費
video4_222,那個雞汁這樣一直流……
video7_1063,很漂亮的咖啡廳，真的
video4_1607,爸爸带你出去花莲找新鲜！
video12_711,然後是現切現燙
video11_896,大家可以跟著地圖來享受臺中美食哟而且他除了地圖上面的
video8_945,黃色這樣子是滿漂亮 對
video9_807,創意呈現西式餐前酒的概念啦
video7_915,對 就像市長一樣
video4_1119,你說每次來的時候
video4_1542,來去花蓮  
video1_879,此生必住民宿林裡面的
video5_1047,沒有辦法應付鑑測
video9_804,都有一定的順序喔
video9_774,對先從這邊開始了好不好
video5_903,他對我也很好啊
video7_178,這個送出，這個送出。
video8_1291,
video4_3,不要再講電話了
video11_990,我夾走一個大塊的肉。
video11_1339,很像麻油雞的那種錯覺
video6_1105,你可以早點跟我說那是你媽
video9_106,我剛剛不敢問啊 好險你有講
video5_1179,長班：但是你的士官長現在失蹤了。
video3_613,這樣我們可以走了嗎
video10_491,至於在這段期間
video5_761,你來幫我搬東西好不好
video5_355,在這邊提醒各位
video1_557,收視率可以越來越好 對
video12_701,它是用牛骨 牛腩 牛油 洋葱
video1_354,我們現在看到的這個地方
video1_409,那種木頭做的椅子
video9_668,因爲提拉米蘇一般吃下去
video5_1186,說頂樓水塔又壞了
video7_396,可以去逛知名家居賣場的時候
video4_1489,爸爸带你出去玩
video5_1131,不對啊，這麼年輕
video7_22,我爸就超愛的啦
video9_1112,如果有小朋友的話
video6_112,怎麼，你會怕啊
video6_124,報告班長，有蛇。
video7_849,吃了十碗泡麵你知不知道這麼厲害！
video7_317,放在氣炸鍋裡面是...
video12_1294,重磅卡司集結《沒有你依賴的那家每一道都必點比登推介
video6_829,余善仁，你很自戀嘛
video12_960,雞骨的味道超級明顯
video1_1058,你吃完之後你覺得跟台南
video11_1361,它拔絲地瓜有一種冰糖那種感覺！
video8_1377,又有一點像把那個雞絲
video12_954,你一個日本人對我們講這種話
video8_1327,那種帶一點青椒的香味
video1_584,感性時刻  希望它能夠實現好
video11_1030,必比登常客！吃爆，超澎湃美食！
video7_640,這個就是最古早味的
video11_323,它其實是用六種新鮮水果做的
video1_70,
video9_1143,你知道嗎 美人湯啊
video9_751,很多政商名流是按護的
video6_468,班長現在放福利給你們。
video3_276,我就這樣靠著國家的栽培
video3_445,這是不當的體罰嗎
video6_32,谢谢科长的教导。
video1_784,你不覺得我這邊表現得特別好
video12_807,【節目異動】今秋處理這牛肝滿麻煩的對
video1_23,他要把我的手 他要保留
video9_613,
video8_836,我跟你講，他們用實力說話
video9_913,是它完全就是剩下甜味
video3_456,雖然這個結果的報告還沒出來
video4_677,一起玩玩具喔 是不是很棒啊
video11_1352,每一道都沒吃過的味道
video4_21,來好多遍了 不然...
video3_1420,自己内心的肺腑之言
video2_1215,對不起，好像很醜耶
video6_245,我還看到他們兩個在講話。
video8_84,那個鵝油鋪天蓋地的來 台中最強鷄肉店 | 肉質水嫩像富二代？！
video2_225,加上討厭鬼地球訓了。
video4_116,爸爸带你出去玩！
video4_1635,爸爸带你出去花莲找新鲜！红酱的味道非常的濃。
video4_627,來你會不會吃JERRY
video4_20,我不要在公園了啦
video5_575,當初我新訓在成功領的時候
video5_584,如果你進來我的部隊
video4_46,小均也難得放暑假
video7_1128,好不好 是在這邊了嗎
video3_1418,連長那天說的話
video7_1147,但今天因為你要趕高鐵
video7_280,下面那層稍微有麵感一點點
video7_253,知名店家那個鍋燒意麺
video4_1365,不過說到這個喔
video4_719,我先看浴室好了啦
video8_273,這間這碗鹹豆漿很好喝
video8_51,那就可以分這樣子好不好
video9_350,甘甜味十足的苦瓜排骨湯
video12_692,結果是台南人駕爆
video5_224,本校的位置於中墩平鎮
video7_477,這幾家是有沒有這麼厲害
video4_105,
video10_226,之前不是比過了嗎
video5_497,長官，如果死掉怎麼辦
video9_824,整個都已經軟爛掉了。
video7_457,這幾家是有沒有這麼厲害 高雄人這麼愛
video5_822,B和安俊：你不是想練爬竿嗎
video8_111,那時候是比較傳統早餐燒餅夾獅子頭一定有它
video5_855,Y我做到了。
video6_566,快點啊，幹什麼
video9_640,搭配蛋香十足的餅皮
video3_1010,我現在就打你槍
video4_768,但是你看很棒的是！
video12_591,高雄人都知道
video10_768,毒蜡子正在攻擊小矮人。
video1_518,馬上它就整個化了在這！
video11_569,告訴他們失算了。
video4_189,幽默感要從小培養嘛！
video12_174,它感覺這個湯頭人最愛鴨肉飯
video1_1044,苗栗：此生必住民宿這簡單！
video2_12,班長，你作夢嗎
video4_387,收銀台
video2_980,還送我一條手帕
video2_14,我都沒有講你們在吹牛
video12_492,它那個熟的裡面
video7_271,對 我覺得會有衝動想要吃
video3_542,後面一百五十萬
video3_391,就是堅持軍人應該有的精神。
video8_1378,剝到最細的那種雞絲飯
video3_1309,土官長，今天是你的生日。
video1_570,我希望他如果真的有什麼想法
video1_161,苗栗真的是不簡單！
video11_331,那媽會不會不小心吃爆 超澎湃美食！
video9_113,郭彥均....彥均
video10_574,再多扛一條也沒差
video1_257,我在想會不會有那麼投機的
video6_262,這種事情她不希望太多人知道
video12_884,你對她放電是不是必比登推介
video9_555,這個地方有搞頭嗎
video9_903,
video9_136,